soil_moisture,weather,tank_capacity,humidity,temperature,rain_forecast,time_of_day,crop_stage,soil_type,motor
18,0,80,42,36,0,2,1,1,1
55,1,75,65,29,0,1,2,2,0
12,0,90,38,40,0,3,1,0,1
48,2,85,78,26,1,1,2,1,0
30,1,60,55,32,0,2,1,1,1
65,0,70,50,34,0,2,3,2,0
22,1,45,60,31,0,3,2,0,1
58,2,80,85,25,1,0,1,1,0
10,0,95,30,42,0,2,0,0,1
40,1,65,58,29,0,1,1,2,0
28,0,50,48,33,0,2,2,1,1
72,1,40,55,27,0,3,3,2,0
20,0,30,45,35,0,2,1,0,1
33,1,25,60,28,0,1,0,1,0
15,0,85,35,39,0,3,2,0,1
50,2,90,82,24,1,0,1,2,0
27,1,55,57,31,0,2,1,1,1
60,0,65,46,34,0,2,3,1,0
19,0,40,44,37,0,3,2,0,1
45,1,70,62,30,0,1,1,2,0
61,1,71,80,40,1,1,2,0,0
24,0,89,50,25,1,1,1,0,0
70,1,99,41,42,0,1,1,1,0
30,1,41,79,36,1,2,1,2,0
33,0,31,33,23,0,1,2,2,1
12,1,36,83,37,1,0,1,0,0
31,1,32,78,27,1,0,0,2,0
62,1,32,71,37,0,1,2,0,0
11,1,56,49,32,0,0,0,2,1
39,0,69,67,42,1,2,0,1,0
47,1,62,54,25,1,1,2,2,0
11,1,30,43,29,0,0,3,0,1
73,1,37,40,39,1,0,3,0,0
69,0,61,61,40,1,1,0,2,0
30,1,77,40,39,1,0,3,1,0
42,0,33,47,36,1,1,1,0,0
67,0,99,56,43,0,0,2,0,0
31,1,48,84,33,0,2,0,0,1
58,1,61,83,15,0,0,1,0,0
68,0,38,47,18,0,0,3,0,0
51,1,41,85,28,0,1,1,1,0
69,0,40,52,28,0,0,3,2,0
24,0,75,40,17,1,1,0,1,0
71,1,45,50,44,0,2,1,1,0
71,1,30,73,42,1,1,2,0,0
56,0,92,34,31,1,1,0,1,0
71,0,50,52,17,1,0,1,0,0
60,0,59,70,30,0,2,1,1,0
64,0,42,88,28,1,1,3,0,0
73,1,63,54,44,0,0,0,0,0
12,1,33,70,34,1,0,0,1,0
60,1,57,83,43,1,1,0,1,0
16,1,88,39,27,0,0,0,2,1
30,1,56,51,29,1,1,3,2,0
48,0,98,48,28,1,1,2,2,0
27,1,54,30,38,1,1,0,1,0
13,1,32,36,39,1,2,3,1,0
69,1,97,33,33,0,1,2,0,0
23,1,54,30,20,1,0,2,2,0
18,1,49,44,24,1,2,3,0,0
62,0,63,69,41,0,0,0,0,0
11,0,55,41,29,1,2,2,0,0
69,0,34,51,35,1,2,0,0,0
53,1,90,51,36,1,2,0,2,0
17,0,38,79,34,1,2,1,0,0
56,0,79,76,40,0,0,0,1,0
44,1,35,46,20,1,1,1,1,0
45,1,89,58,37,0,0,2,1,0
59,1,73,75,39,1,1,3,2,0
13,0,40,43,24,1,0,1,0,0
11,0,95,79,21,1,2,3,2,0
15,1,76,49,36,0,2,2,0,1
63,1,32,79,31,1,1,0,2,0
13,0,59,77,32,1,1,2,2,0
63,0,50,62,31,0,0,3,0,0
72,1,57,84,23,0,1,2,2,0
27,1,91,88,24,0,0,0,0,1
53,0,62,72,24,0,1,2,1,0
43,1,64,44,39,1,1,0,1,0
71,0,81,41,21,1,1,1,1,0
23,0,63,69,30,1,2,3,2,0
57,0,70,83,43,1,2,0,1,0
24,0,80,49,32,0,0,0,0,1
71,1,76,59,20,1,1,2,1,0
49,1,87,67,41,1,0,1,1,0
62,0,86,32,34,1,1,0,2,0
33,0,52,57,15,1,2,1,0,0
35,0,77,85,15,0,2,1,2,0
69,0,51,55,26,1,1,2,2,0
50,0,46,59,35,1,1,0,0,0
38,1,98,42,42,1,2,2,2,0
24,1,40,42,16,0,2,3,0,1
54,1,44,31,18,0,0,3,1,0
74,1,64,66,31,1,2,0,0,0
18,0,62,78,18,1,1,1,0,0
10,0,45,67,25,1,0,0,0,0
17,0,63,31,36,0,1,0,2,1
72,0,95,65,40,1,0,3,0,0
20,0,69,83,18,1,1,3,0,0
17,1,57,55,15,1,2,1,0,0
44,0,76,40,21,0,1,1,1,0
44,1,68,37,44,1,0,0,0,0
42,1,99,73,32,1,1,2,2,0
14,1,49,69,23,0,0,0,0,1
50,1,30,72,43,0,1,1,0,0
37,0,92,51,17,1,2,2,1,0
16,1,96,49,22,0,2,3,0,1
21,1,33,37,43,1,1,1,2,0
43,1,87,58,38,0,1,1,0,0
42,0,54,69,33,0,1,2,2,0
57,0,76,55,18,1,0,1,1,0
32,0,67,59,32,1,1,1,0,0
71,1,44,46,34,1,1,1,1,0
46,1,92,49,41,0,0,1,0,0
53,0,50,81,25,1,2,1,2,0
44,1,86,84,41,1,1,1,1,0
74,0,82,45,28,1,1,1,0,0
56,0,75,75,39,1,2,1,2,0
12,1,43,72,32,1,2,3,1,0
10,1,46,36,42,0,0,1,0,1
14,1,68,45,42,1,1,3,1,0
23,1,38,74,43,1,1,3,0,0
36,0,35,88,30,0,0,0,2,0
18,0,52,76,17,1,2,0,2,0
24,0,88,85,29,1,0,3,1,0
51,0,75,77,41,1,2,3,1,0
60,0,67,56,41,1,0,1,0,0
72,1,43,82,18,1,2,0,2,0
61,0,91,52,19,0,0,2,0,0
13,0,64,53,31,0,2,0,2,1
32,0,48,38,21,0,2,3,1,1
24,1,59,64,30,1,2,3,0,0
52,1,54,80,28,0,2,1,0,0
38,1,69,49,40,1,2,1,2,0
45,1,43,66,30,1,1,0,2,0
22,0,55,71,21,1,2,1,2,0
41,0,51,46,23,0,1,2,1,0
68,1,77,76,18,0,2,2,0,0
37,1,80,60,44,0,1,1,2,0
75,0,32,84,44,1,1,2,1,0
51,0,71,86,36,0,0,2,2,0
54,1,48,37,25,1,2,0,0,0
71,1,57,44,16,0,0,2,2,0
66,1,74,60,26,0,0,3,0,0
15,1,92,82,26,1,2,3,1,0
37,0,48,59,44,1,0,0,1,0
37,0,76,75,18,0,2,1,2,0
53,0,43,49,32,0,0,0,0,0
39,1,67,89,40,0,2,1,0,0
71,1,82,68,35,1,2,1,0,0
71,0,90,82,21,1,2,1,2,0
10,0,65,84,43,0,1,1,0,1
36,0,69,41,15,0,0,1,0,0
71,0,59,78,40,1,1,0,0,0
12,1,38,46,40,0,0,1,0,1
79,0,93,71,37,1,0,2,2,0
36,0,62,59,40,1,0,2,2,0
18,0,81,58,27,1,1,1,0,0
71,0,43,48,20,1,0,2,0,0
46,0,82,75,20,1,1,3,1,0
60,0,88,40,26,1,2,0,1,0
53,0,70,63,22,0,0,0,0,0
33,1,97,79,38,1,0,1,0,0
68,1,97,36,36,1,2,1,1,0
41,1,37,73,33,0,2,3,1,0
61,1,31,87,19,1,0,1,0,0
71,0,70,63,32,0,2,2,2,0
67,1,84,88,44,1,1,3,2,0
61,1,45,49,19,0,1,2,0,0
21,0,91,79,44,0,0,0,0,1
48,0,77,67,39,1,1,2,1,0
11,1,59,53,24,1,1,0,1,0
12,1,41,39,15,1,0,2,2,0
65,0,64,61,24,1,2,0,0,0
68,1,40,81,19,0,0,1,1,0
11,0,93,44,26,0,1,2,2,1
11,0,79,66,36,0,0,0,2,1
63,0,50,49,44,1,0,2,2,0
10,0,98,32,41,0,1,3,1,1
28,1,77,66,21,1,1,1,1,0
11,0,49,86,23,1,0,0,0,0
62,0,96,69,36,0,1,3,0,0
53,1,73,37,35,1,1,2,2,0
41,0,62,69,26,0,1,3,2,0
79,1,90,73,37,1,1,2,1,0
41,1,38,85,43,0,1,1,1,0
77,1,97,52,15,1,1,3,0,0
64,0,64,69,25,0,2,1,0,0
65,1,94,40,44,0,0,0,0,0
26,1,37,75,35,1,1,2,1,0
47,0,74,37,29,1,0,2,2,0
33,1,76,58,16,0,2,1,0,1
78,1,69,59,34,1,1,1,0,0
79,1,83,85,21,1,0,0,1,0
20,1,75,89,35,1,1,3,0,0
25,1,76,39,26,0,1,2,2,1
68,0,44,68,36,0,1,2,1,0
79,1,48,57,32,1,1,0,0,0
12,1,55,78,17,1,1,0,0,0
29,0,81,65,21,0,1,1,1,1
68,0,51,42,25,1,1,1,1,0
45,0,50,61,32,0,2,3,0,0
28,1,80,65,26,1,2,0,2,0
76,0,67,66,20,1,1,3,1,0
28,1,49,55,19,1,1,0,2,0
29,1,58,51,40,0,2,2,0,1
61,0,80,33,15,0,2,0,2,0
42,0,33,60,26,0,2,0,0,0
49,1,84,47,41,0,1,2,0,0
48,0,57,67,40,1,0,0,0,0
10,1,33,53,25,1,0,3,0,0
20,0,51,85,18,0,0,1,2,1
66,0,74,52,41,1,0,1,0,0
59,0,96,51,32,1,1,3,0,0
32,1,95,31,18,0,0,2,2,1
40,0,63,60,31,1,2,0,1,0
51,1,84,84,16,1,2,3,2,0
16,1,30,40,43,0,0,1,2,1
25,1,67,57,38,1,2,1,2,0
69,1,35,75,36,1,1,3,0,0
11,0,54,61,16,1,0,1,0,0
10,1,46,34,26,0,0,3,0,1
57,1,90,67,20,0,1,1,1,0
21,0,41,39,24,1,2,3,0,0
78,1,35,69,39,1,1,0,1,0
46,0,56,75,37,1,1,0,0,0
41,1,37,53,39,0,2,0,2,0
18,0,94,64,35,0,1,0,0,1
28,1,86,73,37,0,2,1,1,1
57,0,69,77,41,1,2,2,1,0
12,1,43,89,30,1,1,3,0,0
29,1,64,52,28,1,2,2,2,0
33,0,77,46,21,1,1,1,0,0
63,0,85,30,42,1,2,1,0,0
42,0,78,84,42,0,0,2,0,0
33,0,42,60,33,1,2,2,2,0
45,1,90,60,37,1,2,1,1,0
47,1,78,71,31,1,1,1,2,0
34,0,75,86,23,0,2,3,1,1
27,1,91,84,40,1,0,0,1,0
75,0,37,71,27,0,0,0,1,0
63,0,72,82,36,0,2,3,2,0
44,1,49,85,19,0,2,2,0,0
70,1,68,63,37,0,0,1,0,0
50,1,78,38,19,0,1,2,0,0
42,1,93,51,24,1,0,0,0,0
77,1,91,42,35,1,0,0,0,0
42,1,83,54,41,0,2,2,2,0
23,1,38,77,24,0,2,0,2,1
30,0,66,47,41,0,0,1,2,1
57,0,78,80,21,1,1,3,2,0
29,0,70,41,40,1,0,2,2,0
17,0,46,69,29,0,0,1,2,1
16,0,50,46,21,1,1,1,2,0
76,1,80,44,43,1,0,0,0,0
26,0,88,71,41,0,0,1,1,1
42,0,68,44,29,0,2,2,2,0
57,0,84,44,17,1,1,1,1,0
68,0,70,84,33,1,2,3,2,0
31,0,68,68,24,1,2,1,2,0
39,0,42,42,42,0,1,1,0,0
47,0,93,46,43,0,1,3,1,0
60,1,40,61,29,0,0,1,0,0
63,1,48,38,17,1,2,1,0,0
17,0,40,69,20,1,1,0,1,0
36,1,75,49,26,0,2,2,0,0
36,1,74,55,29,1,2,0,2,0
30,1,30,56,20,0,1,2,2,1
39,1,69,50,27,1,0,3,2,0
37,0,48,47,43,0,2,3,2,0
73,1,90,42,33,1,1,3,2,0
78,1,41,45,17,1,0,2,0,0
70,1,90,38,22,0,2,2,0,0
57,0,62,41,22,0,1,2,2,0
28,0,74,73,37,0,2,3,2,1
13,0,98,67,40,0,1,2,0,1
44,0,37,48,34,0,1,1,1,0
73,0,54,89,29,1,2,0,0,0
58,0,75,36,18,0,2,3,0,0
26,0,59,86,33,0,1,0,0,1
53,1,76,64,35,0,0,1,0,0
39,1,78,77,17,0,2,2,0,0
55,1,76,47,27,0,1,0,1,0
15,0,47,45,22,1,1,1,2,0
46,0,95,84,37,0,0,1,2,0
33,0,97,68,30,0,0,0,1,1
55,0,62,33,27,0,0,3,2,0
62,0,65,88,17,1,2,0,2,0
69,1,48,54,30,1,1,3,2,0
72,1,57,61,23,0,1,2,1,0
41,0,69,69,42,0,1,3,1,0
42,0,44,42,28,1,0,2,2,0
76,0,70,74,27,1,1,0,2,0
27,0,68,46,35,1,2,2,2,0
34,1,31,78,39,0,0,1,0,1
63,0,92,66,21,0,0,2,0,0
67,0,58,35,29,1,0,3,0,0
76,0,95,48,21,0,0,3,1,0
55,0,80,42,20,1,2,3,2,0
33,1,39,86,16,1,1,2,1,0
41,0,43,89,23,1,2,3,1,0
56,0,80,55,36,0,1,3,1,0
32,1,68,43,38,1,2,1,2,0
75,1,57,60,31,1,0,2,0,0
36,1,32,83,19,0,0,1,2,0
11,0,99,33,26,1,2,3,2,0
26,0,56,89,15,0,2,3,1,1
42,1,31,68,24,1,1,3,1,0
18,1,67,37,25,0,2,2,1,1
52,1,32,54,30,1,2,0,0,0
57,1,45,42,28,1,1,3,0,0
48,1,69,61,22,1,1,3,0,0
51,1,31,88,38,1,1,3,2,0
35,0,70,67,31,1,2,3,1,0
59,0,41,67,39,0,1,2,2,0
34,0,64,85,32,0,0,0,0,1
33,1,94,57,26,1,0,0,1,0
22,1,84,82,39,1,0,0,0,0
69,1,74,59,31,1,2,3,1,0
16,1,91,32,42,0,0,3,1,1
66,1,78,57,40,0,2,0,2,0
45,1,54,32,28,1,2,0,2,0
54,0,52,74,30,0,0,3,0,0
29,0,53,83,28,1,1,3,2,0
74,1,67,63,23,1,2,1,2,0
17,0,57,45,18,1,0,1,2,0
25,1,50,51,39,0,2,1,1,1
23,0,83,61,37,1,1,0,2,0
24,1,47,67,25,1,1,2,0,0
75,1,65,37,20,1,0,3,1,0
41,0,74,84,29,0,2,1,1,0
72,0,82,37,19,0,2,2,2,0
60,1,59,86,25,0,2,3,1,0
34,1,89,35,39,1,2,2,0,0
67,0,61,43,32,0,0,0,0,0
72,0,96,61,44,1,1,0,1,0
71,1,96,64,27,0,0,0,2,0
31,0,57,39,25,1,2,1,2,0
67,1,73,32,28,0,2,3,1,0
67,1,70,88,42,1,1,0,0,0
58,1,92,41,32,0,2,1,1,0
61,1,52,78,41,0,0,1,2,0
51,0,77,88,42,0,0,1,2,0
79,0,61,60,39,1,1,1,1,0
24,0,86,58,42,0,0,0,0,1
63,0,62,34,33,0,0,1,1,0
69,0,53,81,38,0,0,0,0,0
17,0,68,54,41,0,0,0,0,1
62,0,63,70,29,1,2,1,1,0
69,1,85,60,23,0,0,0,1,0
14,0,57,50,22,1,1,3,0,0
77,0,66,87,34,1,1,3,0,0
15,1,36,49,42,1,0,2,0,0
56,0,97,68,15,1,1,3,0,0
64,0,66,51,18,0,0,0,2,0
49,1,85,33,28,1,1,0,1,0
61,0,94,42,39,1,1,3,0,0
25,0,94,74,16,1,0,1,1,0
22,0,76,71,30,1,0,1,0,0
39,1,49,79,17,0,2,0,1,0
28,0,48,78,40,0,0,1,1,1
26,0,58,49,22,1,0,2,0,0
72,1,89,81,20,1,2,2,0,0
28,0,47,42,30,1,0,3,1,0
67,1,64,46,38,0,0,3,1,0
64,1,72,83,30,0,2,1,1,0
71,0,40,65,21,0,0,0,2,0
32,1,78,62,44,0,0,3,0,1
18,1,67,30,27,0,2,2,2,1
21,0,93,44,27,1,2,3,2,0
10,1,98,42,19,0,1,3,0,1
67,1,37,46,39,0,0,2,0,0
10,0,63,53,34,1,1,0,2,0
43,0,77,87,36,0,1,3,0,0
57,0,85,37,32,0,2,3,1,0
10,1,94,79,29,0,0,3,1,1
25,0,60,56,32,1,0,1,2,0
70,1,33,74,16,0,2,3,2,0
73,1,79,52,24,1,1,2,0,0
72,1,98,75,37,1,2,0,0,0
78,1,59,37,27,0,0,0,2,0
31,1,88,37,32,0,2,2,2,1
76,1,96,88,29,0,0,1,1,0
35,1,74,55,26,0,1,2,1,0
25,0,33,76,29,1,0,0,0,0
60,0,55,88,27,0,1,2,1,0
66,1,56,42,32,1,1,1,0,0
38,1,75,68,29,1,0,0,0,0
78,0,93,66,39,1,0,1,0,0
56,1,80,78,37,1,1,2,1,0
71,0,79,57,25,1,2,3,2,0
78,0,35,54,33,0,0,2,2,0
25,0,88,45,17,1,1,1,1,0
57,1,44,84,21,1,1,2,2,0
48,1,59,31,35,0,2,3,0,0
42,0,71,83,40,0,0,1,2,0
32,0,66,47,28,1,1,2,1,0
19,0,71,46,28,1,2,1,2,0
78,0,64,59,36,0,1,1,0,0
43,0,35,68,27,1,0,0,0,0
61,1,97,42,26,0,2,0,1,0
19,0,47,61,38,0,1,1,1,1
28,1,58,79,23,1,2,2,1,0
67,0,88,58,15,0,0,2,0,0
10,1,76,75,33,1,2,2,2,0
78,1,46,59,25,1,0,3,2,0
13,1,51,47,37,1,1,1,1,0
25,1,97,42,36,0,0,1,2,1
33,1,98,72,37,1,1,3,2,0
11,1,66,50,38,0,1,1,1,1
41,0,78,59,36,1,0,1,1,0
33,1,42,50,33,1,1,3,0,0
21,0,63,77,32,0,2,0,0,1
59,1,82,84,26,1,1,1,0,0
44,1,80,46,37,1,0,3,0,0
42,0,32,69,42,0,2,2,2,0
42,1,71,48,42,0,2,0,2,0
70,0,61,81,42,0,1,2,0,0
60,0,80,44,41,1,1,1,0,0
52,0,75,38,15,0,0,0,1,0
21,0,50,81,33,0,2,3,2,1
76,1,73,39,42,1,0,1,2,0
74,1,40,73,41,0,1,3,0,0
42,0,97,60,34,1,2,0,2,0
49,1,30,82,43,1,0,2,1,0
52,1,92,52,44,0,0,1,1,0
53,0,53,81,31,1,0,1,2,0
38,1,42,59,19,0,0,3,0,0
22,0,40,62,40,0,0,0,2,1
21,0,80,86,17,0,2,3,1,1
55,1,46,81,16,0,0,0,0,0
11,1,53,38,17,1,2,1,2,0
44,1,48,83,22,1,0,0,0,0
17,0,66,76,30,0,1,1,0,1
35,0,37,30,20,0,1,0,1,0
43,1,57,73,27,1,0,2,0,0
16,1,34,64,44,0,1,0,2,1
77,1,46,40,37,1,2,2,0,0
67,1,65,63,42,0,0,0,0,0
38,0,48,45,36,1,2,0,2,0
45,1,93,38,36,1,0,3,1,0
30,0,40,61,30,1,1,3,1,0
45,0,83,44,42,0,2,1,2,0
19,1,74,41,30,0,1,3,2,1
33,1,76,62,17,0,1,0,1,1
73,1,41,74,42,0,0,3,0,0
58,0,50,43,27,0,2,0,2,0
45,1,40,86,28,1,1,2,0,0
33,1,34,86,22,1,0,0,2,0
32,0,85,37,26,1,0,1,1,0
71,1,49,37,37,1,0,2,0,0
46,0,70,56,37,1,1,1,0,0
21,1,75,41,36,1,0,1,2,0
64,0,41,30,35,1,2,1,0,0
22,1,99,72,40,0,2,3,2,1
32,1,46,69,22,1,1,1,1,0
39,0,48,71,35,0,2,2,0,0
26,0,55,80,39,1,0,0,2,0
71,1,77,40,23,1,1,1,0,0
22,0,81,68,15,0,0,2,2,1
68,0,99,72,20,1,1,1,2,0
28,0,84,60,37,0,1,0,2,1
58,0,62,46,33,1,0,2,1,0
21,1,91,62,37,0,2,2,0,1
70,1,52,61,25,1,2,0,1,0
28,0,44,87,25,0,1,2,2,1
18,0,56,58,37,0,0,0,2,1
37,0,93,50,44,1,0,2,1,0
61,0,80,50,27,1,1,2,1,0
25,1,82,69,25,0,2,0,0,1
78,1,80,52,32,1,0,0,2,0
21,0,76,85,37,0,2,2,1,1
34,0,33,35,29,1,2,2,2,0
61,0,36,51,15,0,1,0,2,0
62,1,64,79,35,1,1,3,0,0
32,0,77,67,39,0,2,0,0,1
25,1,74,66,21,1,0,2,0,0
66,0,48,74,37,0,0,2,1,0
48,1,92,80,41,0,1,2,2,0
62,0,67,83,27,1,2,0,1,0
51,1,96,37,26,1,0,2,1,0
67,0,88,70,32,0,0,3,0,0
48,0,98,78,38,0,1,1,2,0
23,0,42,64,33,0,2,3,2,1
14,1,76,80,29,0,0,0,0,1
44,0,90,40,22,1,1,2,2,0
27,1,60,53,33,0,0,0,0,1
18,1,51,78,24,0,0,1,1,1
67,0,72,50,21,0,0,0,1,0
26,0,96,80,32,1,1,2,0,0
16,0,83,31,30,0,2,1,1,1
55,1,39,69,34,1,1,1,1,0
22,0,71,48,41,1,2,2,0,0
49,1,93,68,20,1,0,2,1,0
51,1,50,57,41,1,2,2,2,0
18,0,95,88,23,1,0,0,1,0
59,0,70,46,35,1,0,3,0,0
36,0,53,35,27,1,1,0,2,0
75,0,64,48,39,0,0,0,2,0
14,0,85,85,35,0,1,3,1,1
38,0,59,67,40,1,2,2,2,0
46,1,86,57,22,0,2,2,0,0
47,1,76,31,30,0,0,3,2,0
17,1,64,67,27,1,1,3,1,0
74,0,48,84,27,0,0,0,1,0
26,1,37,66,31,1,1,1,2,0
54,1,55,80,37,0,1,3,0,0
13,1,59,81,34,1,1,0,0,0
45,1,36,33,19,1,2,1,1,0
79,1,96,51,36,0,1,2,1,0
40,0,94,55,35,0,2,2,0,0
28,0,65,78,42,1,1,0,2,0
70,1,54,72,31,1,2,0,2,0
63,1,66,65,42,1,2,3,2,0
48,1,30,87,23,0,2,2,2,0
28,0,44,42,16,0,0,0,0,1
48,0,66,81,39,0,1,2,1,0
76,1,42,87,40,0,0,2,1,0
54,0,37,61,32,1,1,3,2,0
22,0,34,46,23,1,1,1,0,0
67,1,89,70,20,1,0,3,0,0
29,0,30,65,25,1,2,0,2,0
70,0,65,84,39,0,1,3,2,0
48,1,64,89,43,1,2,3,2,0
10,0,95,75,20,1,0,2,1,0
12,0,92,48,20,0,2,3,2,1
71,1,52,87,27,0,1,0,1,0
72,0,38,89,25,1,1,1,0,0
34,0,63,64,28,0,1,3,0,1
65,1,75,75,16,1,0,3,1,0
42,1,33,69,22,0,1,1,1,0
47,1,59,85,17,0,0,0,1,0
15,0,32,88,37,1,2,0,1,0
67,1,43,57,35,0,1,3,2,0
53,0,89,30,17,1,1,2,0,0
54,1,74,71,15,0,1,3,2,0
41,0,63,47,38,0,2,1,1,0
54,1,74,77,33,0,1,1,2,0
70,1,90,69,32,0,0,1,2,0
56,1,45,62,31,0,2,3,0,0
30,1,95,41,34,1,2,3,2,0
45,0,69,37,43,0,2,0,0,0
28,1,46,53,38,1,2,2,1,0
29,1,63,45,27,0,2,3,2,1
66,0,45,79,17,1,0,0,1,0
27,1,89,33,44,0,2,3,0,1
56,0,95,67,15,1,1,0,1,0
58,1,95,73,18,1,2,0,1,0
23,1,42,56,39,0,2,2,0,1
24,1,85,38,27,0,2,3,1,1
40,0,60,76,31,0,2,0,1,0
10,1,63,45,42,1,2,1,1,0
63,1,68,85,44,1,0,1,2,0
12,1,96,41,25,0,0,1,1,1
25,0,37,60,16,0,2,2,0,1
66,0,84,53,39,1,0,0,2,0
21,1,56,84,30,1,1,2,2,0
25,0,82,43,16,0,2,3,0,1
33,1,68,74,43,1,1,3,1,0
37,1,94,54,33,0,1,0,2,0
17,1,46,63,37,0,2,1,2,1
45,1,59,32,33,0,1,0,2,0
17,1,82,87,39,1,1,0,1,0
67,1,42,53,30,1,1,0,2,0
69,1,50,83,36,1,2,2,0,0
59,0,48,71,33,1,2,3,1,0
37,0,82,38,23,0,1,0,0,0
50,0,48,55,15,1,2,0,0,0
73,0,86,49,24,0,2,0,2,0
36,0,54,69,33,0,1,2,2,0
72,0,60,39,15,0,2,2,2,0
26,0,84,48,16,1,0,2,0,0
42,1,52,32,30,0,2,0,1,0
38,1,61,53,26,0,0,1,2,0
22,1,91,34,22,1,1,1,2,0
55,1,39,32,37,0,2,1,0,0
44,0,83,87,32,1,1,3,1,0
15,0,81,56,16,1,1,0,0,0
78,1,49,45,39,1,1,1,2,0
56,1,61,78,43,0,1,1,0,0
34,0,43,44,27,1,1,1,2,0
75,1,79,64,20,1,2,0,1,0
19,1,57,41,35,1,0,1,0,0
65,1,82,70,40,1,2,1,2,0
39,1,53,82,20,0,2,0,2,0
14,0,51,73,23,1,2,3,2,0
42,1,59,55,30,0,2,2,2,0
74,1,92,76,25,1,0,1,0,0
27,0,33,63,21,0,2,2,2,1
58,0,88,52,24,1,1,3,0,0
20,1,37,60,24,0,2,3,2,1
35,0,41,79,44,1,2,1,0,0
72,1,60,49,39,0,0,0,0,0
68,1,63,41,34,0,0,3,2,0
36,0,78,52,32,0,1,2,2,0
58,1,86,33,42,1,2,2,2,0
42,1,55,52,38,0,2,2,2,0
10,1,47,77,34,0,2,2,1,1
30,1,67,84,43,0,1,3,2,1
64,0,79,77,23,0,0,1,2,0
15,0,37,30,29,1,1,1,2,0
78,1,70,83,18,0,2,2,0,0
14,0,35,54,22,0,0,1,2,1
12,1,98,31,23,0,0,2,0,1
62,1,73,59,27,1,1,2,0,0
32,1,93,32,23,0,0,0,0,1
62,1,58,87,40,0,0,3,0,0
46,1,57,50,18,0,2,3,1,0
26,0,40,54,31,0,2,2,2,1
10,1,94,49,30,1,0,3,0,0
60,0,48,78,29,0,0,1,2,0
54,0,38,81,17,0,1,2,0,0
13,1,56,51,39,1,1,0,1,0
71,1,63,50,34,1,0,1,0,0
74,1,73,62,19,1,2,0,2,0
41,1,97,81,37,0,0,0,2,0
43,1,44,67,19,1,0,3,1,0
48,0,80,44,34,0,2,3,2,0
35,1,42,87,29,1,2,2,2,0
43,1,78,87,32,0,1,3,0,0
63,0,99,75,29,1,1,0,2,0
12,0,85,81,16,0,1,0,0,1
59,1,80,44,43,1,1,1,1,0
21,0,66,75,27,0,2,0,2,1
74,1,46,54,18,0,0,2,0,0
63,0,87,50,24,0,1,2,2,0
14,0,58,53,27,0,1,3,0,1
66,1,62,86,24,0,2,3,1,0
26,0,89,87,43,0,2,3,0,1
56,0,84,34,23,0,0,2,2,0
32,0,39,35,22,0,0,0,0,1
23,0,76,78,17,1,2,3,2,0
75,0,52,72,30,0,1,1,1,0
60,0,50,77,28,0,1,3,0,0
47,1,42,73,23,1,1,2,2,0
73,1,62,76,44,0,0,3,2,0
47,0,53,52,35,1,1,0,2,0
59,1,40,33,25,0,1,3,0,0
39,1,46,56,17,1,2,2,0,0
60,1,97,47,19,1,1,2,0,0
72,0,76,50,43,0,2,1,1,0
61,1,54,57,24,1,1,2,2,0
47,0,50,64,27,0,0,1,2,0
39,1,41,51,18,0,1,0,1,0
60,0,66,69,38,0,1,2,1,0
14,0,71,52,27,0,2,3,0,1
38,1,46,32,26,1,2,0,0,0
13,1,77,69,19,0,2,3,0,1
19,0,57,79,24,1,1,3,0,0
65,1,70,39,42,1,1,3,0,0
26,1,76,54,38,0,0,0,0,1
26,1,47,81,23,0,1,0,1,1
78,0,42,78,34,0,0,2,1,0
43,0,42,37,21,0,2,3,1,0
15,1,60,84,16,1,2,1,2,0
62,1,31,40,36,0,2,2,2,0
75,1,45,34,38,1,0,0,0,0
52,0,38,87,42,0,1,1,1,0
32,0,67,74,37,0,2,0,2,1
64,1,83,82,21,0,1,1,2,0
25,1,85,84,22,0,1,2,1,1
17,1,74,66,21,1,2,1,2,0
13,1,63,85,35,1,0,2,2,0
13,1,38,88,37,0,1,0,1,1
65,1,37,74,43,1,2,1,2,0
34,0,36,67,28,1,1,3,1,0
76,1,65,58,40,0,1,3,2,0
76,0,47,34,33,0,1,0,1,0
36,1,32,38,19,1,1,1,2,0
41,1,57,88,37,1,1,3,2,0
59,0,99,77,39,1,0,2,1,0
70,0,73,31,32,1,0,1,2,0
60,0,50,30,34,0,2,1,1,0
28,0,57,69,26,0,0,3,1,1
30,1,83,89,37,1,0,2,2,0
14,0,83,80,31,0,0,2,0,1
51,1,94,59,27,1,1,2,2,0
70,0,50,40,16,1,1,1,0,0
31,1,42,57,39,0,2,0,0,1
30,1,86,73,27,1,2,1,2,0
79,1,78,41,40,1,2,1,0,0
10,1,83,68,21,0,1,3,1,1
14,1,39,55,42,0,0,0,1,1
21,1,82,42,24,1,0,2,0,0
55,0,73,88,37,1,1,3,1,0
43,1,76,37,20,0,2,1,2,0
58,0,82,83,17,1,2,0,1,0
54,0,75,57,40,1,2,2,0,0
36,1,42,87,17,0,1,2,2,0
35,0,66,59,32,0,2,1,1,0
56,1,53,38,25,0,2,2,2,0
65,0,31,68,36,0,1,2,0,0
72,1,43,60,34,0,0,0,1,0
57,0,39,87,19,0,1,3,2,0
70,1,64,50,33,1,1,0,2,0
35,1,54,85,36,1,1,3,1,0
45,1,32,76,41,0,1,3,2,0
10,1,46,63,42,0,0,3,2,1
17,0,41,84,33,1,2,2,0,0
61,1,83,60,44,1,1,0,0,0
56,0,53,81,29,1,0,2,0,0
65,0,58,54,44,0,2,1,0,0
23,0,72,41,30,0,2,0,0,1
37,1,54,30,38,1,2,3,0,0
11,0,89,84,23,0,1,2,1,1
35,0,94,51,18,0,1,2,0,0
23,0,57,69,29,0,2,0,2,1
68,1,45,66,39,1,2,0,1,0
65,1,76,76,26,1,2,3,2,0
16,0,87,30,37,0,2,3,0,1
12,1,56,30,17,0,2,1,0,1
32,1,82,86,37,0,2,3,2,1
27,0,71,71,28,0,0,2,2,1
47,0,88,83,31,0,2,1,2,0
24,1,76,71,33,1,1,1,1,0
73,0,63,50,20,0,1,1,0,0
37,1,66,44,18,0,1,0,2,0
48,1,35,46,21,0,2,3,0,0
66,1,36,51,44,1,1,1,2,0
26,1,54,67,33,1,0,0,0,0
53,1,62,64,31,0,2,0,1,0
34,1,84,74,39,1,1,1,0,0
26,0,87,45,30,1,0,1,2,0
22,0,36,37,29,1,0,2,0,0
34,1,86,76,36,1,1,1,1,0
77,1,41,46,22,1,0,2,1,0
19,1,45,46,33,1,1,1,0,0
76,0,72,83,22,0,0,1,2,0
27,1,36,55,32,1,2,3,1,0
43,0,80,42,42,1,2,1,1,0
17,1,61,46,30,0,2,1,0,1
49,1,37,67,34,0,2,2,1,0
51,0,74,46,33,0,2,2,1,0
50,0,88,77,24,0,1,3,2,0
15,1,33,43,31,1,2,1,2,0
61,1,96,74,27,1,2,1,2,0
35,1,58,35,27,1,2,2,0,0
73,0,58,64,21,1,2,0,1,0
68,0,57,75,41,0,0,0,0,0
65,0,73,43,24,1,2,0,1,0
68,0,33,76,16,1,2,2,1,0
79,0,38,37,18,0,1,2,1,0
42,0,34,44,39,1,0,0,2,0
62,1,85,83,20,1,1,0,0,0
31,1,79,56,38,1,2,1,0,0
30,0,44,42,32,1,1,2,1,0
79,1,61,78,37,0,1,2,0,0
79,1,57,60,20,0,2,0,2,0
13,0,51,82,43,0,0,0,0,1
71,1,46,85,44,0,0,3,1,0
71,0,88,64,39,0,1,2,2,0
33,0,86,89,37,1,2,3,2,0
64,1,55,35,31,1,1,1,1,0
18,0,54,34,28,0,1,3,0,1
12,0,39,51,38,0,1,0,1,1
40,0,74,87,25,0,2,2,0,0
49,0,40,78,40,1,2,2,0,0
45,0,82,52,33,0,0,3,2,0
33,0,97,54,44,1,2,3,1,0
15,0,57,63,16,1,1,1,2,0
75,0,94,55,42,1,1,1,1,0
13,1,78,76,17,1,0,0,1,0
15,1,76,34,25,0,2,0,2,1
60,1,81,55,20,1,1,0,1,0
71,0,83,49,43,1,0,3,1,0
66,0,89,35,28,0,0,3,0,0
75,1,86,35,33,1,1,2,1,0
17,1,76,88,40,1,1,0,1,0
35,1,60,79,30,1,2,3,2,0
60,0,75,47,35,0,0,2,2,0
54,1,55,33,36,1,1,0,1,0
53,1,34,46,38,1,0,1,0,0
14,0,81,86,21,0,2,1,0,1
79,1,83,43,44,0,1,3,2,0
35,0,62,43,41,1,2,2,1,0
77,0,79,42,22,1,0,1,1,0
28,0,67,36,33,0,2,2,0,1
29,1,56,73,34,1,2,2,0,0
21,1,44,84,30,0,0,1,0,1
56,0,90,44,36,1,2,2,2,0
10,1,50,48,41,0,0,1,1,1
23,1,75,72,21,1,1,3,2,0
73,1,98,76,23,0,0,0,1,0
47,1,35,73,27,0,0,0,2,0
46,0,67,64,15,0,1,3,1,0
20,1,91,46,43,0,0,1,0,1
12,0,91,64,22,0,1,1,0,1
42,0,75,48,38,1,1,1,0,0
15,1,42,49,36,1,0,1,2,0
59,0,32,65,18,0,2,3,0,0
19,1,35,64,17,1,2,0,1,0
14,1,37,61,41,1,1,2,2,0
32,0,73,87,17,1,2,2,1,0
19,0,62,77,36,1,2,0,2,0
53,0,79,73,27,1,0,3,1,0
11,0,40,69,22,1,1,2,1,0
22,1,57,53,21,0,1,0,2,1
49,1,99,46,41,1,0,3,2,0
11,1,70,36,15,1,2,2,0,0
74,0,45,72,41,1,1,1,0,0
72,0,97,79,30,0,2,1,1,0
26,0,77,30,20,1,1,3,1,0
18,1,85,64,21,1,1,1,1,0
24,0,93,61,26,1,1,3,2,0
33,1,88,65,37,0,1,0,2,1
47,0,91,42,23,1,2,0,0,0
44,1,40,35,41,0,2,2,1,0
58,1,47,87,25,1,2,3,0,0
78,0,48,43,24,0,2,2,2,0
71,0,84,66,35,0,0,2,2,0
69,1,55,77,15,0,1,0,2,0
59,1,35,44,32,1,1,2,0,0
18,0,33,76,18,0,1,1,2,1
43,0,58,33,19,0,0,2,1,0
44,1,88,69,23,0,2,3,0,0
10,0,46,88,41,0,1,1,2,1
49,1,72,45,31,1,2,0,0,0
73,1,95,57,17,1,2,3,0,0
31,0,63,45,30,1,0,1,2,0
69,0,37,33,19,1,0,3,2,0
73,0,42,74,30,0,2,1,0,0
20,0,37,55,17,1,1,3,0,0
23,0,94,57,34,0,1,3,2,1
69,1,72,61,29,1,0,1,1,0
39,1,68,74,44,1,0,0,0,0
44,0,88,31,17,1,0,0,0,0
46,0,73,60,34,0,0,3,1,0
14,0,38,32,28,1,0,3,2,0
35,1,66,83,30,1,0,0,2,0
71,0,65,37,43,1,0,0,1,0
13,0,57,53,43,0,1,2,2,1
51,1,71,44,31,1,0,0,2,0
27,1,72,72,42,1,0,3,0,0
49,0,71,60,38,0,1,1,0,0
48,0,95,38,34,0,1,0,0,0
23,0,84,68,37,1,2,2,1,0
41,1,77,74,32,1,0,2,2,0
60,0,51,31,32,1,0,2,2,0
47,0,56,37,36,0,0,1,0,0
32,0,96,36,28,0,0,0,0,1
72,1,42,85,32,0,2,0,1,0
24,1,74,73,29,1,1,0,2,0
34,0,39,80,29,0,1,1,1,1
26,0,38,68,20,1,0,1,2,0
75,1,83,71,41,0,0,3,1,0
62,1,56,86,29,0,0,2,0,0
60,1,63,45,32,0,2,2,1,0
48,1,30,64,18,1,2,0,1,0
60,1,61,59,37,1,1,1,0,0
79,1,96,39,22,1,0,1,2,0
15,1,49,67,29,1,0,0,2,0
76,1,64,47,17,0,0,0,0,0
16,1,46,79,44,1,0,3,1,0
60,0,47,34,29,0,2,2,1,0
51,0,74,82,27,1,1,2,1,0
73,0,82,58,23,1,1,2,2,0
24,1,97,68,16,0,2,3,1,1
38,0,94,89,38,0,0,0,2,0
42,1,30,63,22,1,1,0,1,0
36,1,87,72,43,1,1,2,0,0
45,0,55,74,44,0,2,2,0,0
38,1,49,52,34,0,0,3,2,0
47,0,39,34,31,0,1,1,2,0
66,0,88,59,27,0,0,1,0,0
36,0,70,35,15,0,1,2,0,0
64,1,34,85,16,1,2,3,1,0
42,0,94,87,44,1,0,2,0,0
77,1,46,75,29,1,2,1,2,0
75,0,51,73,26,1,1,2,0,0
19,0,70,33,28,0,2,1,2,1
14,0,97,58,39,0,2,1,2,1
47,1,98,52,43,0,2,1,1,0
22,1,40,35,16,1,1,0,1,0
40,1,85,61,32,0,0,0,1,0
56,0,80,71,36,0,2,2,1,0
61,0,50,47,21,1,0,1,0,0
65,1,55,44,43,1,1,0,1,0
24,1,48,69,37,1,0,2,0,0
38,1,89,87,43,0,2,2,1,0
17,1,76,61,39,0,2,2,1,1
14,1,55,38,20,1,2,2,2,0
38,1,69,66,28,1,2,2,0,0
56,0,34,39,22,0,2,3,2,0
77,1,50,49,41,1,2,1,1,0
54,0,33,35,36,0,1,2,0,0
11,0,52,77,16,1,1,3,1,0
36,1,44,85,31,1,1,1,2,0
45,1,37,88,19,1,0,0,0,0
45,0,70,32,28,0,0,2,2,0
35,1,48,71,39,0,1,3,1,0
52,1,75,40,38,1,0,0,1,0
36,0,57,72,44,0,0,3,1,0
78,0,97,46,43,1,2,1,0,0
29,0,44,61,34,1,2,1,2,0
20,1,66,33,35,0,0,0,2,1
47,0,30,33,43,0,0,3,1,0
15,1,96,46,35,0,1,2,2,1
32,0,53,70,36,0,0,2,0,1
56,0,56,48,17,1,2,0,1,0
55,0,69,34,19,0,0,0,1,0
21,1,92,61,30,0,1,0,1,1
22,1,90,51,32,1,2,3,0,0
71,0,65,85,40,1,2,2,1,0
69,0,53,35,31,1,2,2,1,0
52,0,53,64,25,1,2,2,1,0
77,1,33,51,31,0,0,0,1,0
14,0,96,30,30,0,1,2,2,1
46,1,63,49,40,1,0,1,1,0
40,0,86,51,37,1,0,0,0,0
18,0,78,77,16,0,2,2,1,1
60,0,82,84,18,0,1,3,1,0
38,0,52,40,35,0,2,0,2,0
49,0,98,42,21,0,0,1,1,0
50,0,82,88,16,0,0,1,2,0
20,1,91,71,44,1,2,3,0,0
32,0,70,32,20,1,0,3,2,0
10,1,86,38,31,1,0,0,1,0
55,0,89,89,21,1,2,0,0,0
30,0,83,41,39,0,0,1,1,1
45,1,99,52,19,1,1,3,2,0
63,0,86,43,19,0,2,0,0,0
66,1,39,62,34,0,1,1,0,0
10,1,69,47,30,0,0,3,2,1
72,0,36,78,33,0,0,1,2,0
63,1,67,88,23,0,2,2,0,0
64,1,90,70,19,0,0,3,0,0
49,0,32,38,22,0,2,0,2,0
24,1,80,52,23,1,2,0,1,0
30,0,76,39,19,0,2,2,0,1
56,0,97,48,24,1,2,3,2,0
62,0,67,76,39,1,2,1,1,0
18,0,65,34,16,0,1,0,0,1
61,1,70,76,23,0,2,2,0,0
66,0,98,81,25,1,1,2,2,0
35,0,42,52,18,1,0,3,1,0
50,1,87,59,36,1,2,3,0,0
44,0,79,54,36,1,0,0,1,0
72,0,59,57,36,0,2,2,1,0
34,1,91,63,16,0,1,1,0,1
47,1,54,74,37,0,1,2,1,0
11,1,56,85,43,1,1,1,0,0
16,1,80,77,20,0,0,1,1,1
43,1,86,76,41,1,2,0,0,0
26,1,76,54,28,0,0,2,2,1
52,1,68,39,15,1,1,1,0,0
68,0,45,43,32,0,0,3,0,0
60,1,51,71,21,0,1,1,0,0
63,1,83,86,15,1,1,3,1,0
33,1,50,75,15,1,1,3,2,0
34,0,45,87,15,1,2,2,1,0
61,0,88,59,38,1,2,3,1,0
79,1,60,84,18,1,1,1,0,0
42,1,71,70,18,0,0,3,1,0
58,1,61,54,43,1,0,2,0,0
38,0,88,43,32,0,2,0,2,0
72,0,63,64,41,0,1,1,1,0
31,1,38,81,25,0,0,1,1,1
35,0,40,77,41,0,1,2,1,0
37,1,39,63,15,0,0,2,0,0
58,0,46,39,42,1,2,2,0,0
58,0,97,64,24,1,1,2,1,0
29,1,77,40,23,0,1,1,1,1
72,1,81,40,37,0,0,0,2,0
70,1,54,50,18,1,0,3,2,0
58,1,50,50,42,1,0,3,2,0
10,0,94,51,20,0,1,0,2,1
22,0,92,74,44,1,2,0,2,0
60,0,80,36,30,1,2,0,0,0
65,1,65,84,16,1,0,2,2,0
71,0,95,46,37,0,2,1,2,0
41,1,44,31,32,1,0,1,1,0
39,0,68,41,24,0,2,1,0,0
38,1,99,86,38,0,1,2,2,0
58,1,30,71,38,0,0,1,2,0
54,0,52,47,31,0,2,2,2,0
39,1,68,83,27,0,1,1,1,0
25,1,86,88,38,1,2,0,1,0
49,0,63,40,32,0,1,3,1,0
28,1,70,45,36,0,1,3,2,1
27,1,42,78,27,0,2,2,1,1
10,1,99,80,31,1,2,1,2,0
56,0,35,47,19,1,1,3,0,0
75,0,81,64,25,1,1,0,2,0
47,1,32,82,21,1,1,0,1,0
60,0,92,88,43,1,0,0,0,0
72,1,78,55,24,1,1,2,2,0
13,1,76,45,31,1,0,2,0,0
10,1,84,35,29,0,1,1,0,1
17,1,93,86,32,0,0,0,0,1
38,1,94,73,37,1,1,1,2,0
64,0,96,72,36,0,1,1,1,0
12,1,44,76,33,0,1,0,2,1
41,0,61,76,44,1,2,1,1,0
19,0,97,77,40,0,2,3,2,1
43,1,47,71,16,0,1,2,2,0
64,1,72,41,40,1,0,1,2,0
41,0,64,89,18,0,0,0,1,0
59,0,87,42,17,1,1,2,2,0
16,0,62,33,21,1,2,2,0,0
17,1,43,68,38,0,0,1,2,1
74,0,63,83,32,0,2,3,0,0
66,1,90,31,24,0,0,1,1,0
76,1,33,55,21,1,1,3,1,0
68,1,88,88,22,1,2,2,2,0
63,0,58,56,20,1,0,1,2,0
76,1,35,56,36,0,1,0,2,0
60,1,78,44,40,0,1,1,0,0
17,1,69,37,15,1,1,3,1,0
43,1,94,36,18,0,2,3,0,0
44,1,98,76,28,0,2,1,0,0
41,0,56,84,31,1,1,3,2,0
55,1,35,75,34,1,2,2,2,0
25,1,42,69,32,0,0,1,0,1
77,0,93,89,25,1,1,3,0,0
46,1,91,41,43,0,1,1,2,0
63,0,48,42,35,1,2,1,2,0
23,1,72,72,40,1,1,0,0,0
64,0,49,46,28,1,0,1,2,0
57,0,97,46,23,0,2,0,2,0
16,1,73,85,41,0,2,3,0,1
16,1,52,65,29,1,1,0,0,0
42,1,31,50,26,1,1,0,1,0
32,0,51,37,24,1,1,0,0,0
28,0,86,34,33,0,2,2,2,1
28,0,36,55,38,1,1,0,0,0
45,1,85,45,33,1,0,1,0,0
38,0,96,65,20,1,1,0,0,0
69,0,45,57,34,1,1,1,1,0
11,1,80,83,38,0,2,0,1,1
10,0,41,58,41,0,1,2,2,1
56,0,82,76,20,1,2,3,1,0
78,1,34,41,22,0,1,0,0,0
29,0,56,66,15,0,0,0,1,1
20,1,41,59,36,0,0,2,0,1
11,1,46,52,31,1,2,0,1,0
76,1,35,45,31,0,2,1,1,0
21,1,34,43,38,0,1,0,1,1
29,1,86,39,29,0,1,0,0,1
14,0,57,36,21,1,0,3,1,0
46,0,98,74,33,1,1,3,0,0
47,1,88,81,36,0,0,0,0,0
18,1,62,89,39,0,2,2,2,1
62,0,91,66,37,1,1,3,1,0
53,1,79,58,42,1,2,0,2,0
33,1,48,32,17,0,1,3,2,1
39,1,98,44,44,0,0,0,0,0
68,0,95,65,44,1,2,3,1,0
23,0,76,76,43,1,2,3,0,0
18,1,68,75,36,0,1,1,0,1
49,1,97,81,25,1,2,0,1,0
75,0,62,48,34,0,0,0,0,0
34,0,42,42,44,0,2,0,1,1
31,1,83,71,43,0,2,0,1,1
13,1,36,50,33,1,1,3,0,0
35,0,43,66,23,0,2,1,0,0
67,0,48,56,24,0,1,1,2,0
38,0,83,84,16,1,1,2,0,0
46,1,49,81,15,1,2,0,1,0
79,0,58,58,44,0,0,2,2,0
27,1,53,49,30,0,1,3,1,1
51,0,92,54,32,1,2,2,2,0
50,0,86,35,37,1,1,0,0,0
47,0,37,65,40,1,0,1,0,0
43,0,91,31,31,0,0,1,0,0
26,1,58,51,20,0,1,0,1,1
46,1,46,61,28,0,0,3,2,0
34,0,95,45,37,1,2,0,1,0
36,1,35,47,39,0,2,3,2,0
66,0,87,34,29,1,1,1,0,0
40,0,98,83,28,0,0,3,1,0
15,0,57,65,38,1,2,0,0,0
49,0,91,59,36,0,2,0,1,0
21,1,70,74,17,0,2,0,0,1
62,0,98,48,38,1,1,3,1,0
19,0,70,52,37,1,1,3,1,0
54,1,78,63,33,0,2,3,2,0
26,0,78,42,39,1,2,1,0,0
35,0,32,72,26,1,0,2,2,0
71,0,39,83,16,0,0,2,2,0
55,1,64,58,17,1,0,0,0,0
73,0,31,65,32,0,1,1,1,0
11,1,53,51,43,0,2,3,2,1
63,0,67,81,15,1,1,0,0,0
74,0,51,81,34,1,2,1,1,0
60,1,55,76,35,0,0,0,2,0
62,0,72,65,43,0,0,1,2,0
45,0,84,38,20,0,0,1,2,0
35,1,68,68,19,0,0,2,1,0
38,1,58,80,15,0,2,0,2,0
30,1,49,48,33,0,0,3,1,1
20,1,70,67,15,1,2,2,2,0
49,1,83,35,41,1,2,2,0,0
20,0,49,81,35,1,1,3,2,0
45,1,48,76,35,0,0,1,0,0
68,0,95,44,30,1,0,3,0,0
48,0,59,86,26,0,1,0,0,0
63,0,82,49,41,0,2,3,1,0
64,1,63,38,43,1,0,1,0,0
33,1,51,61,36,0,2,3,2,1
31,0,96,33,22,0,1,1,1,1
78,1,35,79,40,0,2,1,0,0
65,1,56,47,30,0,0,0,1,0
42,1,39,34,42,0,2,3,1,0
45,1,77,49,15,0,2,3,1,0
29,0,99,52,18,1,0,0,2,0
71,0,88,40,24,0,0,1,0,0
35,1,88,66,25,0,2,3,1,0
75,0,31,51,31,0,2,0,1,0
49,1,58,87,39,0,1,1,1,0
26,1,97,33,41,1,0,0,0,0
10,0,94,58,37,1,2,3,1,0
70,0,55,73,21,0,0,0,1,0
52,0,39,63,26,0,1,2,2,0
51,1,82,42,35,0,2,1,0,0
34,0,88,71,21,1,2,2,2,0
48,1,51,38,26,1,2,2,0,0
44,0,80,71,29,1,0,1,0,0
12,0,77,60,16,1,1,1,0,0
53,1,50,36,28,0,0,0,2,0
60,1,51,33,27,1,2,1,2,0
21,1,59,48,18,1,1,2,2,0
28,1,54,71,28,0,2,2,2,1
53,1,57,59,28,0,2,3,1,0
68,1,94,60,30,1,0,1,1,0
58,1,74,64,21,1,2,2,1,0
70,1,97,86,33,1,1,3,0,0
26,0,36,50,16,1,2,3,1,0
66,1,78,60,24,0,2,0,0,0
64,1,38,48,32,0,0,2,2,0
56,0,65,60,43,1,1,0,0,0
21,1,30,82,31,1,0,2,0,0
71,0,39,61,19,1,2,0,1,0
17,0,65,31,26,1,0,0,2,0
30,1,75,88,20,1,0,1,2,0
79,0,61,81,36,0,0,0,1,0
34,1,61,39,23,0,0,1,2,1
21,0,35,31,34,0,2,3,2,1
24,0,77,31,15,1,2,2,2,0
68,0,67,89,36,1,1,3,1,0
35,1,46,53,29,0,0,2,2,0
35,1,56,46,35,0,0,3,0,0
56,0,83,61,40,1,1,2,0,0
41,0,79,45,20,0,0,0,2,0
19,1,64,45,33,1,1,2,1,0
25,1,54,75,32,1,2,2,1,0
26,0,57,68,20,0,1,3,1,1
32,0,44,82,27,0,0,3,2,1
35,1,33,60,15,0,1,3,2,0
16,1,56,72,37,1,2,1,0,0
23,1,55,53,37,1,0,1,1,0
16,1,48,30,40,0,2,2,0,1
18,1,46,40,27,1,2,2,0,0
57,0,72,84,21,1,1,0,1,0
68,1,70,50,29,1,2,0,2,0
48,0,71,33,26,0,0,2,2,0
27,1,79,36,41,1,2,1,0,0
68,0,69,55,40,0,2,2,0,0
26,1,68,76,15,0,1,0,0,1
23,1,52,79,29,1,2,1,0,0
40,0,81,41,18,0,1,1,1,0
33,0,76,60,27,1,1,0,0,0
69,1,92,46,37,0,0,2,0,0
54,1,98,62,41,0,0,3,2,0
12,1,72,40,39,1,0,2,2,0
46,1,77,57,19,0,0,2,2,0
52,1,63,61,43,0,1,0,1,0
49,0,69,30,16,0,2,1,1,0
64,0,90,76,37,1,0,0,2,0
48,1,79,57,40,1,0,2,2,0
24,0,96,82,15,0,0,3,0,1
13,0,91,71,30,0,2,3,0,1
34,0,87,36,37,0,0,3,1,1
22,1,62,31,20,1,2,0,1,0
42,0,45,71,37,1,1,1,0,0
25,1,77,53,30,0,1,0,2,1
51,0,39,33,28,1,1,3,0,0
75,1,67,73,43,1,2,2,1,0
64,0,48,48,40,1,0,1,1,0
51,1,65,55,17,1,0,0,0,0
43,1,88,40,29,0,0,0,0,0
39,0,92,69,17,1,0,1,0,0
22,1,75,79,37,1,0,1,1,0
22,1,32,72,43,0,2,2,2,1
27,1,94,40,16,0,1,1,0,1
41,1,37,74,15,1,0,2,1,0
48,1,80,32,23,1,1,3,1,0
55,1,35,41,23,0,2,3,1,0
38,1,68,32,37,0,2,0,0,0
71,1,89,71,21,0,0,3,0,0
71,0,57,56,17,1,2,3,2,0
66,0,83,78,40,1,1,2,1,0
25,1,66,83,32,0,0,0,0,1
65,1,38,31,25,1,0,1,1,0
19,0,85,78,21,0,1,0,1,1
39,0,88,45,23,1,0,3,2,0
34,0,31,31,15,0,0,1,0,1
14,1,90,89,43,0,1,0,0,1
74,0,87,83,28,1,0,0,1,0
58,1,89,59,34,1,0,0,1,0
12,1,69,49,20,1,1,0,2,0
54,0,65,67,21,1,2,2,2,0
23,1,66,57,24,1,1,0,2,0
39,1,47,54,21,1,0,3,2,0
77,1,92,61,40,0,1,3,2,0
27,1,51,39,16,1,0,2,2,0
71,0,40,89,44,0,0,1,1,0
46,0,87,71,18,0,1,1,2,0
34,1,86,69,35,1,0,3,1,0
57,1,33,62,44,0,2,3,1,0
74,0,36,42,42,0,0,2,0,0
62,1,90,85,31,1,1,1,1,0
24,0,83,70,15,1,2,1,1,0
58,1,97,83,24,1,2,0,2,0
77,1,30,71,33,0,0,0,1,0
21,0,84,76,29,1,1,0,2,0
68,0,32,66,24,1,0,2,2,0
46,0,67,83,33,1,0,3,2,0
70,0,30,45,26,1,1,2,0,0
52,1,67,74,38,0,1,1,2,0
79,0,58,51,30,1,0,3,1,0
48,1,34,86,23,0,2,0,2,0
65,0,50,49,29,1,0,2,2,0
72,0,96,79,44,0,2,2,2,0
55,1,76,72,41,0,0,0,0,0
20,0,64,56,42,0,1,2,1,1
71,0,97,70,31,1,2,0,0,0
34,0,98,45,28,0,1,1,1,1
61,0,30,63,41,1,1,3,0,0
13,1,97,61,32,1,1,1,1,0
68,1,41,55,40,1,1,1,0,0
29,0,89,54,16,1,1,0,2,0
72,0,56,31,18,1,0,2,0,0
63,0,85,41,32,0,2,1,0,0
66,1,52,69,21,1,0,1,2,0
50,1,54,38,27,0,0,1,2,0
12,1,50,41,29,0,0,2,1,1
15,1,90,55,39,0,1,2,1,1
14,0,92,38,37,0,0,0,1,1
14,0,81,39,42,0,2,1,0,1
63,0,54,61,36,0,0,3,1,0
56,1,84,86,40,0,1,2,0,0
58,0,75,63,15,1,2,0,0,0
18,1,61,77,25,0,2,1,1,1
29,1,84,49,24,1,2,3,1,0
70,0,34,68,39,0,2,2,0,0
44,0,65,89,19,0,0,3,2,0
59,0,78,31,30,0,1,2,2,0
71,1,87,30,25,0,2,0,0,0
26,1,68,80,35,1,2,3,1,0
12,0,90,89,20,1,1,1,0,0
41,0,38,65,23,1,0,1,0,0
22,1,35,53,27,0,2,2,1,1
77,0,64,83,38,0,0,1,2,0
23,1,68,56,22,0,0,3,0,1
20,1,51,31,28,1,0,0,2,0
65,0,70,60,38,0,0,2,2,0
76,0,34,86,15,1,2,3,1,0
38,0,71,43,31,1,2,2,0,0
18,0,96,31,38,0,0,0,0,1
76,1,59,58,19,0,0,2,2,0
34,1,86,44,39,1,1,1,2,0
51,1,58,41,16,1,1,1,1,0
18,0,66,66,39,1,1,2,2,0
49,1,42,57,42,0,2,0,1,0
34,0,61,49,44,0,1,0,0,1
14,0,75,68,38,0,2,1,1,1
20,0,52,53,23,0,2,0,2,1
68,0,74,50,18,0,2,2,0,0
47,0,46,39,31,0,2,3,1,0
14,0,95,75,31,1,1,2,0,0
57,1,35,43,35,1,0,1,1,0
27,0,47,66,32,1,0,1,2,0
79,1,51,47,30,0,0,1,2,0
46,1,62,53,44,1,1,0,0,0
69,0,59,43,22,0,0,2,0,0
57,0,61,63,40,0,1,3,0,0
37,0,71,87,25,1,1,2,1,0
78,1,39,41,35,0,1,3,2,0
49,0,65,51,35,1,0,2,0,0
54,1,63,85,32,1,0,1,0,0
71,0,57,35,37,0,0,3,0,0
67,0,40,65,43,1,2,2,1,0
76,1,68,74,38,1,1,0,0,0
65,1,76,65,24,1,2,0,0,0
49,0,48,51,27,1,1,2,1,0
49,1,44,43,31,0,0,1,1,0
42,1,57,45,32,1,1,3,0,0
15,1,53,65,24,1,1,2,0,0
28,1,38,85,30,1,2,0,1,0
49,1,76,54,34,0,1,3,2,0
68,0,62,61,19,1,0,0,1,0
68,0,91,62,27,0,1,0,2,0
57,1,48,74,32,1,1,2,0,0
50,0,96,65,31,1,1,0,0,0
22,0,69,49,23,1,2,3,2,0
54,1,76,47,28,0,1,1,1,0
62,0,94,67,31,0,1,2,0,0
51,1,58,32,43,0,2,3,2,0
72,1,79,52,18,0,2,2,1,0
36,0,42,61,32,0,2,0,2,0
47,1,30,74,41,0,2,0,1,0
69,1,63,88,34,1,0,3,1,0
16,1,77,45,38,0,0,3,1,1
14,1,77,88,38,1,1,1,1,0
54,1,78,34,29,0,0,3,2,0
67,0,93,33,25,0,1,3,2,0
40,0,90,50,26,0,0,2,2,0
32,1,58,69,23,1,2,0,2,0
51,1,68,80,27,0,2,3,2,0
19,0,55,43,29,0,0,1,1,1
41,1,46,68,41,1,0,3,0,0
62,0,42,60,29,1,1,0,0,0
39,1,98,43,42,1,1,3,2,0
48,1,55,35,19,1,1,2,2,0
40,1,78,41,37,0,2,0,0,0
11,1,96,45,33,1,2,3,1,0
21,1,36,46,40,0,2,2,2,1
48,1,87,74,34,0,2,0,1,0
75,1,78,52,40,1,1,3,0,0
22,0,82,43,39,0,2,2,0,1
55,0,94,36,40,1,2,1,2,0
36,0,91,75,40,0,2,2,1,0
26,1,46,61,28,1,2,1,2,0
69,1,72,44,42,1,0,3,0,0
73,1,54,73,31,1,1,2,1,0
44,1,32,46,32,1,1,1,2,0
79,1,58,70,35,1,2,0,2,0
39,1,61,83,17,1,0,2,2,0
72,1,55,76,16,0,1,3,0,0
37,0,45,73,15,0,1,0,2,0
69,1,54,63,24,0,2,1,1,0
46,0,83,34,33,1,2,2,2,0
31,0,57,74,31,0,1,2,0,1
77,1,85,56,26,1,1,3,2,0
29,1,94,81,15,0,0,0,0,1
77,0,70,52,26,0,1,2,0,0
73,0,80,69,31,1,1,2,1,0
26,1,58,88,38,0,2,0,1,1
21,1,48,43,17,0,1,2,2,1
31,0,95,44,25,0,2,0,0,1
26,1,70,72,31,1,1,0,0,0
19,1,74,62,37,0,1,0,1,1
74,1,44,82,40,1,1,3,1,0
31,0,32,60,17,0,0,0,2,1
59,0,40,64,22,0,2,0,0,0
23,0,82,46,34,0,0,1,1,1
73,1,75,57,18,0,1,1,2,0
56,1,59,48,35,1,0,3,0,0
38,0,86,75,36,0,2,0,0,0
45,0,47,83,21,1,1,1,1,0
61,0,80,52,28,1,0,1,2,0
16,1,77,61,28,0,0,2,1,1
38,0,95,69,18,0,2,0,2,0
20,0,37,42,30,1,0,1,0,0
42,1,51,88,38,1,2,3,2,0
15,1,35,49,43,0,1,2,2,1
41,1,86,64,36,0,1,2,2,0
60,0,65,34,44,0,0,0,2,0
67,1,86,38,15,0,1,0,2,0
35,1,78,58,31,0,1,2,1,0
55,0,74,35,39,1,0,3,2,0
38,1,95,54,24,0,1,0,2,0
13,0,74,60,36,0,0,0,0,1
22,0,49,51,30,1,2,2,2,0
48,1,93,31,30,0,2,2,0,0
24,1,96,74,40,0,2,0,1,1
38,1,32,34,22,1,0,1,1,0
38,1,83,89,43,0,0,0,2,0
41,1,93,56,21,1,1,1,1,0
11,1,69,54,42,0,1,2,2,1
56,0,88,37,20,0,1,1,1,0
31,0,84,84,30,0,1,3,2,1
36,1,91,30,34,1,1,2,2,0
76,0,33,49,30,1,0,0,0,0
65,1,89,73,21,1,0,0,0,0
30,0,59,52,23,1,2,2,0,0
56,0,31,61,28,0,2,2,0,0
68,0,91,40,25,1,2,3,2,0
15,1,78,68,40,1,2,2,1,0
28,0,38,76,40,1,0,0,2,0
66,1,60,83,28,0,0,3,0,0
78,0,90,53,21,0,0,0,0,0
12,0,77,40,15,1,1,1,1,0
10,0,54,58,40,1,1,2,0,0
67,0,65,83,39,0,2,1,2,0
47,0,37,55,27,1,1,0,2,0
24,1,87,45,34,1,0,1,2,0
43,1,74,64,17,1,2,1,2,0
70,0,91,49,34,1,2,0,2,0
44,0,68,75,18,0,1,0,1,0
73,0,87,32,43,0,2,2,2,0
34,0,93,30,40,0,1,1,0,1
33,1,73,87,25,1,1,3,0,0
21,0,58,82,16,1,2,3,0,0
27,1,88,76,28,0,1,0,0,1
24,0,38,30,26,0,1,0,1,1
36,1,35,46,44,0,1,1,0,0
69,0,58,31,31,1,1,0,1,0
55,0,87,58,26,0,2,3,0,0
26,1,46,49,40,1,0,2,1,0
62,0,45,35,26,1,0,2,1,0
17,0,32,37,15,0,1,1,1,1
36,0,50,58,27,0,1,2,0,0
55,1,93,77,28,1,1,0,1,0
59,0,65,80,38,0,0,0,2,0
12,0,91,62,44,0,1,0,2,1
73,1,71,32,16,1,2,0,0,0
53,1,71,89,26,1,2,1,2,0
62,1,90,64,40,1,2,2,2,0
33,0,42,34,35,1,0,3,2,0
69,0,40,56,42,1,1,2,0,0
12,0,83,73,30,0,1,0,0,1
29,1,45,41,18,1,1,3,2,0
55,0,37,49,22,1,0,1,0,0
24,0,88,74,16,1,0,0,1,0
34,1,86,49,24,0,0,0,2,1
26,1,69,38,23,1,0,3,0,0
18,1,88,68,37,1,2,1,0,0
47,1,31,33,29,1,0,3,2,0
57,1,39,80,27,0,0,1,0,0
69,0,73,83,37,1,0,0,2,0
72,1,40,48,31,1,1,2,0,0
11,0,31,67,44,1,1,0,1,0
20,0,79,56,30,0,1,2,2,1
73,1,41,74,42,0,2,2,1,0
30,1,52,72,16,0,2,1,2,1
27,1,47,42,34,0,0,3,0,1
73,0,91,42,34,1,1,1,1,0
47,1,91,89,41,1,2,0,0,0
41,1,67,86,28,0,1,3,2,0
20,1,96,51,17,0,2,2,2,1
54,1,67,57,37,1,2,2,2,0
42,1,96,81,26,1,0,0,2,0
50,0,90,76,22,0,0,3,2,0
17,0,30,82,16,0,2,0,1,1
20,0,74,74,18,0,0,0,2,1
60,1,57,51,28,0,2,1,0,0
50,1,50,72,30,1,2,0,1,0
26,1,42,48,33,0,1,3,0,1
55,0,56,37,16,0,0,0,2,0
41,1,36,81,26,1,0,3,0,0
63,1,51,37,43,1,0,2,1,0
29,1,82,71,28,1,1,0,1,0
42,0,33,55,20,1,1,3,1,0
49,1,52,77,27,1,1,2,0,0
41,0,99,80,18,0,0,3,1,0
11,1,62,55,36,0,0,2,0,1
42,0,57,52,32,0,0,1,2,0
39,0,37,72,26,1,1,0,2,0
42,0,30,42,34,0,1,0,0,0
35,1,66,57,41,1,2,2,1,0
31,1,92,38,36,0,1,1,0,1
75,0,51,49,44,0,2,3,0,0
47,0,99,85,35,1,0,1,0,0
55,1,50,48,33,1,1,3,2,0
24,1,64,77,22,0,0,3,0,1
53,0,34,68,21,0,0,0,2,0
58,1,89,80,30,0,0,2,0,0
70,1,75,41,33,0,0,0,2,0
76,1,79,44,20,0,1,0,0,0
15,1,77,60,34,1,0,0,0,0
18,0,35,84,41,1,2,3,1,0
15,1,85,43,35,1,1,0,1,0
41,1,88,40,25,1,0,3,0,0
50,0,58,55,19,0,1,2,0,0
17,0,47,71,30,0,2,3,0,1
59,1,31,56,21,1,0,3,0,0
71,1,37,40,41,0,2,1,1,0
71,1,83,67,19,1,0,0,2,0
16,1,67,63,25,0,2,0,0,1
13,0,77,72,29,0,0,0,1,1
15,0,56,48,17,0,1,0,0,1
67,0,49,35,40,1,0,1,0,0
31,1,41,75,19,1,1,1,2,0
35,1,72,81,37,1,0,1,0,0
12,1,90,67,35,1,0,1,0,0
50,1,60,78,19,0,2,0,2,0
69,0,90,71,23,0,2,3,2,0
23,0,96,57,29,0,2,2,2,1
21,1,64,30,17,0,0,1,2,1
21,0,44,64,43,1,0,3,1,0
22,1,45,69,20,0,0,1,1,1
34,1,42,37,31,0,1,0,1,1
54,0,64,88,40,0,1,0,0,0
28,1,88,81,35,1,0,3,2,0
64,1,50,83,22,1,2,3,2,0
54,0,83,76,35,1,2,3,1,0
17,1,59,85,39,0,2,0,0,1
62,1,77,36,25,1,0,0,0,0
64,0,64,40,20,0,2,2,0,0
41,1,67,68,22,0,0,3,1,0
60,0,60,33,24,0,1,2,0,0
53,1,53,54,38,1,2,1,0,0
79,0,78,41,43,1,1,2,0,0
27,0,61,55,17,0,2,1,2,1
31,0,84,67,37,0,0,1,1,1
46,1,87,75,28,1,0,2,2,0
65,0,32,41,37,1,0,3,2,0
68,0,98,72,28,1,0,1,1,0
12,0,39,80,24,0,2,3,2,1
37,0,54,82,26,0,1,0,0,0
44,0,97,66,20,0,0,1,0,0
70,1,90,75,26,1,2,0,0,0
63,1,58,82,37,1,1,2,0,0
72,1,48,53,28,1,0,3,1,0
16,1,72,45,16,0,1,2,2,1
58,1,95,86,23,0,0,1,2,0
40,1,90,42,24,1,1,0,0,0
67,1,72,54,40,0,1,1,0,0
70,0,54,83,31,1,0,2,2,0
33,1,49,83,31,0,2,3,1,1
29,0,77,86,17,1,1,3,2,0
46,0,53,81,44,0,0,1,0,0
13,1,40,83,33,0,1,1,0,1
29,0,84,33,15,1,1,0,1,0
69,0,57,40,26,1,2,2,2,0
33,0,98,61,21,1,1,1,1,0
59,0,92,78,18,1,1,0,1,0
58,1,88,36,24,1,0,1,0,0
60,1,34,75,27,0,0,3,2,0
